movieId,title,genres
1,Toy Story (1995),Adventure|Animation|Children|Comedy|Fantasy
2,Jumanji (1995),Adventure|Children|Fantasy
3,Grumpier Old Men (1995),Comedy|Romance
4,Waiting to Exhale (1995),Comedy|Drama|Romance
5,Father of the Bride Part II (1995),Comedy
6,Heat (1995),Action|Crime|Thriller
7,Sabrina (1995),Comedy|Romance
8,Tom and Huck (1995),Adventure|Children
9,Sudden Death (1995),Action
10,GoldenEye (1995),Action|Adventure|Thriller
11,"American President, The (1995)",Comedy|Drama|Romance
12,Dracula: Dead and Loving It (1995),Comedy|Horror
14,Nixon (1995),Drama
15,Cutthroat Island (1995),Action|Adventure|Romance
16,Casino (1995),Crime|Drama
17,Sense and Sensibility (1995),Drama|Romance
18,Four Rooms (1995),Comedy
19,Ace Ventura: When Nature Calls (1995),Comedy
20,Money Train (1995),Action|Comedy|Crime|Drama|Thriller
21,Get Shorty (1995),Comedy|Crime|Thriller
22,Copycat (1995),Crime|Drama|Horror|Mystery|Thriller
23,Assassins (1995),Action|Crime|Thriller
24,Powder (1995),Drama|Sci-Fi
25,Leaving Las Vegas (1995),Drama|Romance
28,Persuasion (1995),Drama|Romance
29,"City of Lost Children, The (Cité des enfants perdus, La) (1995)",Adventure|Drama|Fantasy|Mystery|Sci-Fi
31,Dangerous Minds (1995),Drama
32,Twelve Monkeys (a.k.a. 12 Monkeys) (1995),Mystery|Sci-Fi|Thriller
34,Babe (1995),Children|Drama
36,Dead Man Walking (1995),Crime|Drama
39,Clueless (1995),Comedy|Romance
41,Richard III (1995),Drama|War
42,Dead Presidents (1995),Action|Crime|Drama
43,Restoration (1995),Drama
44,Mortal Kombat (1995),Action|Adventure|Fantasy
45,To Die For (1995),Comedy|Drama|Thriller
46,How to Make an American Quilt (1995),Drama|Romance
47,Seven (a.k.a. Se7en) (1995),Mystery|Thriller
48,Pocahontas (1995),Animation|Children|Drama|Musical|Romance
50,"Usual Suspects, The (1995)",Crime|Mystery|Thriller
52,Mighty Aphrodite (1995),Comedy|Drama|Romance
55,Georgia (1995),Drama
57,Home for the Holidays (1995),Drama
58,"Postman, The (Postino, Il) (1994)",Comedy|Drama|Romance
60,"Indian in the Cupboard, The (1995)",Adventure|Children|Fantasy
61,Eye for an Eye (1996),Drama|Thriller
62,Mr. Holland's Opus (1995),Drama
63,Don't Be a Menace to South Central While Drinking Your Juice in the Hood (1996),Comedy|Crime
64,Two if by Sea (1996),Comedy|Romance
65,Bio-Dome (1996),Comedy
67,Two Bits (1995),Drama
68,French Twist (Gazon maudit) (1995),Comedy|Romance
69,Friday (1995),Comedy
70,From Dusk Till Dawn (1996),Action|Comedy|Horror|Thriller
73,"Misérables, Les (1995)",Drama|War
74,Bed of Roses (1996),Drama|Romance
76,Screamers (1995),Action|Sci-Fi|Thriller
78,"Crossing Guard, The (1995)",Action|Crime|Drama|Thriller
79,"Juror, The (1996)",Drama|Thriller
81,Things to Do in Denver When You're Dead (1995),Crime|Drama|Romance
85,Angels and Insects (1995),Drama|Romance
86,White Squall (1996),Action|Adventure|Drama
88,Black Sheep (1996),Comedy
89,Nick of Time (1995),Action|Thriller
92,Mary Reilly (1996),Drama|Horror|Thriller
93,Vampire in Brooklyn (1995),Comedy|Horror|Romance
94,Beautiful Girls (1996),Comedy|Drama|Romance
95,Broken Arrow (1996),Action|Adventure|Thriller
100,City Hall (1996),Drama|Thriller
101,Bottle Rocket (1996),Adventure|Comedy|Crime|Romance
102,Mr. Wrong (1996),Comedy
104,Happy Gilmore (1996),Comedy
105,"Bridges of Madison County, The (1995)",Drama|Romance
107,Muppet Treasure Island (1996),Adventure|Children|Comedy|Musical
110,Braveheart (1995),Action|Drama|War
111,Taxi Driver (1976),Crime|Drama|Thriller
112,Rumble in the Bronx (Hont faan kui) (1995),Action|Adventure|Comedy|Crime
114,Margaret's Museum (1995),Drama
122,Boomerang (1992),Comedy|Romance
124,"Star Maker, The (Uomo delle stelle, L') (1995)",Drama
125,Flirting With Disaster (1996),Comedy
132,Jade (1995),Thriller
135,Down Periscope (1996),Comedy
140,Up Close and Personal (1996),Drama|Romance
141,"Birdcage, The (1996)",Comedy
144,"Brothers McMullen, The (1995)",Comedy
145,Bad Boys (1995),Action|Comedy|Crime|Drama|Thriller
147,"Basketball Diaries, The (1995)",Drama
149,Amateur (1994),Crime|Drama|Thriller
150,Apollo 13 (1995),Adventure|Drama|IMAX
151,Rob Roy (1995),Action|Drama|Romance|War
153,Batman Forever (1995),Action|Adventure|Comedy|Crime
154,Beauty of the Day (Belle de jour) (1967),Drama
155,Beyond Rangoon (1995),Adventure|Drama|War
156,Blue in the Face (1995),Comedy|Drama
157,Canadian Bacon (1995),Comedy|War
158,Casper (1995),Adventure|Children
159,Clockers (1995),Crime|Drama|Mystery
160,Congo (1995),Action|Adventure|Mystery|Sci-Fi
161,Crimson Tide (1995),Drama|Thriller|War
162,Crumb (1994),Documentary
163,Desperado (1995),Action|Romance|Western
164,Devil in a Blue Dress (1995),Crime|Film-Noir|Mystery|Thriller
165,Die Hard: With a Vengeance (1995),Action|Crime|Thriller
168,First Knight (1995),Action|Drama|Romance
170,Hackers (1995),Action|Adventure|Crime|Thriller
171,Jeffrey (1995),Comedy|Drama
172,Johnny Mnemonic (1995),Action|Sci-Fi|Thriller
173,Judge Dredd (1995),Action|Crime|Sci-Fi
175,Kids (1995),Drama
176,Living in Oblivion (1995),Comedy
177,Lord of Illusions (1995),Horror
179,Mad Love (1995),Drama|Romance
180,Mallrats (1995),Comedy|Romance
181,Mighty Morphin Power Rangers: The Movie (1995),Action|Children
185,"Net, The (1995)",Action|Crime|Thriller
186,Nine Months (1995),Comedy|Romance
188,"Prophecy, The (1995)",Fantasy|Horror|Mystery
190,Safe (1995),Thriller
191,"Scarlet Letter, The (1995)",Drama|Romance
193,Showgirls (1995),Drama
194,Smoke (1995),Comedy|Drama
195,Something to Talk About (1995),Comedy|Drama|Romance
196,Species (1995),Horror|Sci-Fi
198,Strange Days (1995),Action|Crime|Drama|Mystery|Sci-Fi|Thriller
203,"To Wong Foo, Thanks for Everything! Julie Newmar (1995)",Comedy
204,Under Siege 2: Dark Territory (1995),Action
206,Unzipped (1995),Documentary
207,"Walk in the Clouds, A (1995)",Drama|Romance
208,Waterworld (1995),Action|Adventure|Sci-Fi
213,Burnt by the Sun (Utomlyonnye solntsem) (1994),Drama
215,Before Sunrise (1995),Drama|Romance
216,Billy Madison (1995),Comedy
218,Boys on the Side (1995),Comedy|Drama
222,Circle of Friends (1995),Drama|Romance
223,Clerks (1994),Comedy
224,Don Juan DeMarco (1995),Comedy|Drama|Romance
225,Disclosure (1994),Drama|Thriller
229,Death and the Maiden (1994),Drama|Thriller
230,Dolores Claiborne (1995),Drama|Thriller
231,Dumb & Dumber (Dumb and Dumber) (1994),Adventure|Comedy
232,Eat Drink Man Woman (Yin shi nan nu) (1994),Comedy|Drama|Romance
233,Exotica (1994),Drama
234,Exit to Eden (1994),Comedy
235,Ed Wood (1994),Comedy|Drama
236,French Kiss (1995),Action|Comedy|Romance
237,Forget Paris (1995),Comedy|Romance
239,"Goofy Movie, A (1995)",Animation|Children|Comedy|Romance
241,Fluke (1995),Children|Drama
242,Farinelli: il castrato (1994),Drama|Musical
246,Hoop Dreams (1994),Documentary
247,Heavenly Creatures (1994),Crime|Drama
248,Houseguest (1994),Comedy
249,Immortal Beloved (1994),Drama|Romance
250,Heavyweights (Heavy Weights) (1995),Children|Comedy
252,I.Q. (1994),Comedy|Romance
253,Interview with the Vampire: The Vampire Chronicles (1994),Drama|Horror
255,"Jerky Boys, The (1995)",Comedy
256,Junior (1994),Comedy|Sci-Fi
260,Star Wars: Episode IV - A New Hope (1977),Action|Adventure|Sci-Fi
261,Little Women (1994),Drama
262,"Little Princess, A (1995)",Children|Drama
263,Ladybird Ladybird (1994),Drama
265,Like Water for Chocolate (Como agua para chocolate) (1992),Drama|Fantasy|Romance
266,Legends of the Fall (1994),Drama|Romance|War|Western
267,Major Payne (1995),Comedy
271,Losing Isaiah (1995),Drama
272,"Madness of King George, The (1994)",Comedy|Drama
273,Mary Shelley's Frankenstein (Frankenstein) (1994),Drama|Horror|Sci-Fi
274,Man of the House (1995),Comedy
275,Mixed Nuts (1994),Comedy
276,Milk Money (1994),Comedy|Romance
277,Miracle on 34th Street (1994),Drama
279,My Family (1995),Drama
280,Murder in the First (1995),Drama|Thriller
282,Nell (1994),Drama
286,Nemesis 2: Nebula (1995),Action|Sci-Fi|Thriller
288,Natural Born Killers (1994),Action|Crime|Thriller
289,Only You (1994),Comedy|Romance
292,Outbreak (1995),Action|Drama|Sci-Fi|Thriller
293,Léon: The Professional (a.k.a. The Professional) (Léon) (1994),Action|Crime|Drama|Thriller
294,"Perez Family, The (1995)",Comedy|Romance
295,"Pyromaniac's Love Story, A (1995)",Comedy|Romance
296,Pulp Fiction (1994),Comedy|Crime|Drama|Thriller
299,Priest (1994),Drama
300,Quiz Show (1994),Drama
303,"Quick and the Dead, The (1995)",Action|Thriller|Western
305,Ready to Wear (Pret-A-Porter) (1994),Comedy
306,Three Colors: Red (Trois couleurs: Rouge) (1994),Drama
307,Three Colors: Blue (Trois couleurs: Bleu) (1993),Drama
308,Three Colors: White (Trzy kolory: Bialy) (1994),Comedy|Drama
309,"Red Firecracker, Green Firecracker (Pao Da Shuang Deng) (1994)",Drama
312,Stuart Saves His Family (1995),Comedy
314,"Secret of Roan Inish, The (1994)",Children|Drama|Fantasy|Mystery
315,"Specialist, The (1994)",Action|Drama|Thriller
316,Stargate (1994),Action|Adventure|Sci-Fi
317,"Santa Clause, The (1994)",Comedy|Drama|Fantasy
318,"Shawshank Redemption, The (1994)",Crime|Drama
319,Shallow Grave (1994),Comedy|Drama|Thriller
322,Swimming with Sharks (1995),Comedy|Drama
326,To Live (Huozhe) (1994),Drama
327,Tank Girl (1995),Action|Comedy|Sci-Fi
328,Tales from the Crypt Presents: Demon Knight (1995),Horror|Thriller
329,Star Trek: Generations (1994),Adventure|Drama|Sci-Fi
330,Tales from the Hood (1995),Action|Crime|Horror
332,Village of the Damned (1995),Horror|Sci-Fi
333,Tommy Boy (1995),Comedy
334,Vanya on 42nd Street (1994),Drama
337,What's Eating Gilbert Grape (1993),Drama
338,Virtuosity (1995),Action|Sci-Fi|Thriller
339,While You Were Sleeping (1995),Comedy|Romance
340,"War, The (1994)",Adventure|Drama|War
342,Muriel's Wedding (1994),Comedy
344,Ace Ventura: Pet Detective (1994),Comedy
345,"Adventures of Priscilla, Queen of the Desert, The (1994)",Comedy|Drama
347,Bitter Moon (1992),Drama|Film-Noir|Romance
348,Bullets Over Broadway (1994),Comedy
349,Clear and Present Danger (1994),Action|Crime|Drama|Thriller
350,"Client, The (1994)",Drama|Mystery|Thriller
351,"Corrina, Corrina (1994)",Comedy|Drama|Romance
352,Crooklyn (1994),Comedy|Drama
353,"Crow, The (1994)",Action|Crime|Fantasy|Thriller
355,"Flintstones, The (1994)",Children|Comedy|Fantasy
356,Forrest Gump (1994),Comedy|Drama|Romance|War
357,Four Weddings and a Funeral (1994),Comedy|Romance
358,Higher Learning (1995),Drama
360,I Love Trouble (1994),Action|Comedy
361,It Could Happen to You (1994),Comedy|Drama|Romance
362,"Jungle Book, The (1994)",Adventure|Children|Romance
364,"Lion King, The (1994)",Adventure|Animation|Children|Drama|Musical|IMAX
365,Little Buddha (1993),Drama
366,"Wes Craven's New Nightmare (Nightmare on Elm Street Part 7: Freddy's Finale, A) (1994)",Drama|Horror|Mystery|Thriller
367,"Mask, The (1994)",Action|Comedy|Crime|Fantasy
368,Maverick (1994),Adventure|Comedy|Western
369,Mrs. Parker and the Vicious Circle (1994),Drama
370,Naked Gun 33 1/3: The Final Insult (1994),Action|Comedy
371,"Paper, The (1994)",Comedy|Drama
372,Reality Bites (1994),Comedy|Drama|Romance
373,Red Rock West (1992),Thriller
374,Richie Rich (1994),Children|Comedy
376,"River Wild, The (1994)",Action|Thriller
377,Speed (1994),Action|Romance|Thriller
378,Speechless (1994),Comedy|Romance
379,Timecop (1994),Action|Sci-Fi|Thriller
380,True Lies (1994),Action|Adventure|Comedy|Romance|Thriller
381,When a Man Loves a Woman (1994),Drama|Romance
382,Wolf (1994),Drama|Horror|Romance|Thriller
383,Wyatt Earp (1994),Western
384,Bad Company (1995),Action|Crime|Drama
385,"Man of No Importance, A (1994)",Drama
389,"Colonel Chabert, Le (1994)",Drama|Romance|War
405,Highlander III: The Sorcerer (a.k.a. Highlander: The Final Dimension) (1994),Action|Fantasy
407,In the Mouth of Madness (1995),Horror|Thriller
410,Addams Family Values (1993),Children|Comedy|Fantasy
412,"Age of Innocence, The (1993)",Drama
413,Airheads (1994),Comedy
415,Another Stakeout (1993),Comedy|Thriller
416,Bad Girls (1994),Western
417,Barcelona (1994),Comedy|Romance
419,"Beverly Hillbillies, The (1993)",Comedy
420,Beverly Hills Cop III (1994),Action|Comedy|Crime|Thriller
423,Blown Away (1994),Action|Thriller
425,Blue Sky (1994),Drama|Romance
426,Body Snatchers (1993),Horror|Sci-Fi|Thriller
427,Boxing Helena (1993),Drama|Mystery|Romance|Thriller
428,"Bronx Tale, A (1993)",Drama
429,Cabin Boy (1994),Comedy
431,Carlito's Way (1993),Crime|Drama
432,City Slickers II: The Legend of Curly's Gold (1994),Adventure|Comedy|Western
433,Clean Slate (1994),Comedy
434,Cliffhanger (1993),Action|Adventure|Thriller
435,Coneheads (1993),Comedy|Sci-Fi
437,Cops and Robbersons (1994),Comedy
440,Dave (1993),Comedy|Romance
441,Dazed and Confused (1993),Comedy
442,Demolition Man (1993),Action|Adventure|Sci-Fi
443,"Endless Summer 2, The (1994)",Adventure|Documentary
445,Fatal Instinct (1993),Comedy
446,Farewell My Concubine (Ba wang bie ji) (1993),Drama|Romance
448,Fearless (1993),Drama
450,With Honors (1994),Comedy|Drama
452,Widows' Peak (1994),Drama
454,"Firm, The (1993)",Drama|Thriller
455,Free Willy (1993),Adventure|Children|Drama
457,"Fugitive, The (1993)",Thriller
458,Geronimo: An American Legend (1993),Drama|Western
463,Guilty as Sin (1993),Crime|Drama|Thriller
464,Hard Target (1993),Action|Adventure|Crime|Thriller
466,Hot Shots! Part Deux (1993),Action|Comedy|War
467,Live Nude Girls (1995),Comedy
468,"Englishman Who Went Up a Hill But Came Down a Mountain, The (1995)",Comedy|Romance
469,"House of the Spirits, The (1993)",Drama|Romance
471,"Hudsucker Proxy, The (1994)",Comedy
472,I'll Do Anything (1994),Comedy|Drama
473,In the Army Now (1994),Comedy|War
474,In the Line of Fire (1993),Action|Thriller
475,In the Name of the Father (1993),Drama
477,What's Love Got to Do with It? (1993),Drama|Musical
479,Judgment Night (1993),Action|Crime|Thriller
480,Jurassic Park (1993),Action|Adventure|Sci-Fi|Thriller
481,Kalifornia (1993),Drama|Thriller
482,Killing Zoe (1994),Crime|Drama|Thriller
485,Last Action Hero (1993),Action|Adventure|Comedy|Fantasy
488,M. Butterfly (1993),Drama|Romance
489,Made in America (1993),Comedy
490,Malice (1993),Thriller
491,"Man Without a Face, The (1993)",Drama
493,Menace II Society (1993),Action|Crime|Drama
494,Executive Decision (1996),Action|Adventure|Thriller
497,Much Ado About Nothing (1993),Comedy|Romance
500,Mrs. Doubtfire (1993),Comedy|Drama
501,Naked (1993),Drama
502,"Next Karate Kid, The (1994)",Action|Children|Romance
507,"Perfect World, A (1993)",Crime|Drama|Thriller
508,Philadelphia (1993),Drama
509,"Piano, The (1993)",Drama|Romance
512,"Puppet Masters, The (1994)",Horror|Sci-Fi
514,"Ref, The (1994)",Comedy
515,"Remains of the Day, The (1993)",Drama|Romance
516,Renaissance Man (1994),Comedy|Drama
517,Rising Sun (1993),Action|Drama|Mystery
519,RoboCop 3 (1993),Action|Crime|Drama|Sci-Fi|Thriller
520,Robin Hood: Men in Tights (1993),Comedy
524,Rudy (1993),Drama
527,Schindler's List (1993),Drama|War
529,Searching for Bobby Fischer (1993),Drama
531,"Secret Garden, The (1993)",Children|Drama
532,Serial Mom (1994),Comedy|Crime|Horror
533,"Shadow, The (1994)",Action|Adventure|Fantasy|Mystery
534,Shadowlands (1993),Drama|Romance
535,Short Cuts (1993),Drama
537,Sirens (1994),Drama
538,Six Degrees of Separation (1993),Drama
539,Sleepless in Seattle (1993),Comedy|Drama|Romance
540,Sliver (1993),Thriller
541,Blade Runner (1982),Action|Sci-Fi|Thriller
542,Son in Law (1993),Comedy|Drama|Romance
543,So I Married an Axe Murderer (1993),Comedy|Romance|Thriller
544,Striking Distance (1993),Action|Crime
546,Super Mario Bros. (1993),Action|Adventure|Children|Comedy|Fantasy|Sci-Fi
548,Terminal Velocity (1994),Action|Mystery|Thriller
549,Thirty-Two Short Films About Glenn Gould (1993),Drama|Musical
550,Threesome (1994),Comedy|Romance
551,"Nightmare Before Christmas, The (1993)",Animation|Children|Fantasy|Musical
552,"Three Musketeers, The (1993)",Action|Adventure|Comedy|Romance
553,Tombstone (1993),Action|Drama|Western
555,True Romance (1993),Crime|Thriller
562,Welcome to the Dollhouse (1995),Comedy|Drama
570,"Slingshot, The (Kådisbellan) (1993)",Comedy|Drama
573,"Ciao, Professore! (Io speriamo che me la cavo) (1992)",Drama
575,"Little Rascals, The (1994)",Children|Comedy
581,"Celluloid Closet, The (1995)",Documentary
583,Dear Diary (Caro Diario) (1994),Comedy|Drama
585,"Brady Bunch Movie, The (1995)",Comedy
586,Home Alone (1990),Children|Comedy
587,Ghost (1990),Comedy|Drama|Fantasy|Romance|Thriller
588,Aladdin (1992),Adventure|Animation|Children|Comedy|Musical
589,Terminator 2: Judgment Day (1991),Action|Sci-Fi
590,Dances with Wolves (1990),Adventure|Drama|Western
592,Batman (1989),Action|Crime|Thriller
593,"Silence of the Lambs, The (1991)",Crime|Horror|Thriller
594,Snow White and the Seven Dwarfs (1937),Animation|Children|Drama|Fantasy|Musical
595,Beauty and the Beast (1991),Animation|Children|Fantasy|Musical|Romance|IMAX
596,Pinocchio (1940),Animation|Children|Fantasy|Musical
597,Pretty Woman (1990),Comedy|Romance
601,"Wooden Man's Bride, The (Yan shen) (1994)",Drama
606,Candyman: Farewell to the Flesh (1995),Fantasy|Horror
608,Fargo (1996),Comedy|Crime|Drama|Thriller
609,Homeward Bound II: Lost in San Francisco (1996),Adventure|Children
610,Heavy Metal (1981),Action|Adventure|Animation|Horror|Sci-Fi
611,Hellraiser: Bloodline (1996),Action|Horror|Sci-Fi
612,"Pallbearer, The (1996)",Comedy
613,Jane Eyre (1996),Drama|Romance
616,"Aristocats, The (1970)",Animation|Children
627,"Last Supper, The (1995)",Drama|Thriller
628,Primal Fear (1996),Crime|Drama|Mystery|Thriller
631,All Dogs Go to Heaven 2 (1996),Adventure|Animation|Children|Fantasy|Musical|Romance
637,Sgt. Bilko (1996),Comedy
640,Diabolique (1996),Drama|Thriller
647,Courage Under Fire (1996),Action|Crime|Drama|War
648,Mission: Impossible (1996),Action|Adventure|Mystery|Thriller
653,Dragonheart (1996),Action|Adventure|Fantasy
656,Eddie (1996),Comedy
661,James and the Giant Peach (1996),Adventure|Animation|Children|Fantasy|Musical
662,Fear (1996),Thriller
663,Kids in the Hall: Brain Candy (1996),Comedy
671,Mystery Science Theater 3000: The Movie (1996),Comedy|Sci-Fi
673,Space Jam (1996),Adventure|Animation|Children|Comedy|Fantasy|Sci-Fi
674,Barbarella (1968),Adventure|Comedy|Sci-Fi
678,Some Folks Call It a Sling Blade (1993),Drama|Thriller
688,Operation Dumbo Drop (1995),Action|Adventure|Comedy|War
694,"Substitute, The (1996)",Action|Crime|Drama
695,True Crime (1996),Mystery|Thriller
705,Cosi (1996),Comedy
707,Mulholland Falls (1996),Crime|Drama|Thriller
708,"Truth About Cats & Dogs, The (1996)",Comedy|Romance
710,Celtic Pride (1996),Comedy
711,Flipper (1996),Adventure|Children
714,Dead Man (1995),Drama|Mystery|Western
718,"Visitors, The (Visiteurs, Les) (1993)",Comedy|Fantasy|Sci-Fi
719,Multiplicity (1996),Comedy
720,Wallace & Gromit: The Best of Aardman Animation (1996),Adventure|Animation|Comedy
722,"Haunted World of Edward D. Wood Jr., The (1996)",Documentary
724,"Craft, The (1996)",Drama|Fantasy|Horror|Thriller
725,"Great White Hype, The (1996)",Comedy
728,Cold Comfort Farm (1995),Comedy
731,Heaven's Prisoners (1996),Crime|Thriller
733,"Rock, The (1996)",Action|Adventure|Thriller
735,Cemetery Man (Dellamorte Dellamore) (1994),Horror
736,Twister (1996),Action|Adventure|Romance|Thriller
741,Ghost in the Shell (Kôkaku kidôtai) (1995),Animation|Sci-Fi
742,Thinner (1996),Horror|Thriller
743,Spy Hard (1996),Comedy
745,Wallace & Gromit: A Close Shave (1995),Animation|Children|Comedy
747,"Stupids, The (1996)",Comedy
748,"Arrival, The (1996)",Action|Sci-Fi|Thriller
750,Dr. Strangelove or: How I Learned to Stop Worrying and Love the Bomb (1964),Comedy|War
760,Stalingrad (1993),Drama|War
761,"Phantom, The (1996)",Action|Adventure
762,Striptease (1996),Comedy|Crime
766,I Shot Andy Warhol (1996),Drama
778,Trainspotting (1996),Comedy|Crime|Drama
780,Independence Day (a.k.a. ID4) (1996),Action|Adventure|Sci-Fi|Thriller
783,"Hunchback of Notre Dame, The (1996)",Animation|Children|Drama|Musical|Romance
784,"Cable Guy, The (1996)",Comedy|Thriller
785,Kingpin (1996),Comedy
786,Eraser (1996),Action|Drama|Thriller
788,"Nutty Professor, The (1996)",Comedy|Fantasy|Romance|Sci-Fi
798,Daylight (1996),Action|Adventure|Drama|Thriller
799,"Frighteners, The (1996)",Comedy|Horror|Thriller
800,Lone Star (1996),Drama|Mystery|Western
802,Phenomenon (1996),Drama|Romance
805,"Time to Kill, A (1996)",Drama|Thriller
806,American Buffalo (1996),Crime|Drama
818,"Very Brady Sequel, A (1996)",Comedy
828,"Adventures of Pinocchio, The (1996)",Adventure|Children
829,Joe's Apartment (1996),Comedy|Fantasy|Musical
830,"First Wives Club, The (1996)",Comedy
832,Ransom (1996),Crime|Thriller
833,High School High (1996),Comedy
836,Chain Reaction (1996),Action|Adventure|Thriller
837,Matilda (1996),Children|Comedy|Fantasy
838,Emma (1996),Comedy|Drama|Romance
839,"Crow: City of Angels, The (1996)",Action|Thriller
842,Tales from the Crypt Presents: Bordello of Blood (1996),Comedy|Horror
848,"Spitfire Grill, The (1996)",Drama
849,Escape from L.A. (1996),Action|Adventure|Sci-Fi|Thriller
850,Cyclo (Xich lo) (1995),Crime|Drama
852,Tin Cup (1996),Comedy|Drama|Romance
858,"Godfather, The (1972)",Crime|Drama
861,Supercop (Police Story 3: Supercop) (Jing cha gu shi III: Chao ji jing cha) (1992),Action|Comedy|Crime|Thriller
862,Manny & Lo (1996),Drama
866,Bound (1996),Crime|Drama|Romance|Thriller
880,"Island of Dr. Moreau, The (1996)",Sci-Fi|Thriller
881,First Kid (1996),Children|Comedy
885,Bogus (1996),Children|Drama|Fantasy
886,Bulletproof (1996),Action|Comedy|Crime
891,Halloween: The Curse of Michael Myers (Halloween 6: The Curse of Michael Myers) (1995),Horror|Thriller
897,For Whom the Bell Tolls (1943),Adventure|Drama|Romance|War
898,"Philadelphia Story, The (1940)",Comedy|Drama|Romance
899,Singin' in the Rain (1952),Comedy|Musical|Romance
902,Breakfast at Tiffany's (1961),Drama|Romance
903,Vertigo (1958),Drama|Mystery|Romance|Thriller
904,Rear Window (1954),Mystery|Thriller
905,It Happened One Night (1934),Comedy|Romance
908,North by Northwest (1959),Action|Adventure|Mystery|Romance|Thriller
909,"Apartment, The (1960)",Comedy|Drama|Romance
910,Some Like It Hot (1959),Comedy|Crime
911,Charade (1963),Comedy|Crime|Mystery|Romance|Thriller
912,Casablanca (1942),Drama|Romance
913,"Maltese Falcon, The (1941)",Film-Noir|Mystery
914,My Fair Lady (1964),Comedy|Drama|Musical|Romance
915,Sabrina (1954),Comedy|Romance
916,Roman Holiday (1953),Comedy|Drama|Romance
919,"Wizard of Oz, The (1939)",Adventure|Children|Fantasy|Musical
920,Gone with the Wind (1939),Drama|Romance|War
921,My Favorite Year (1982),Comedy
922,Sunset Blvd. (a.k.a. Sunset Boulevard) (1950),Drama|Film-Noir|Romance
923,Citizen Kane (1941),Drama|Mystery
924,2001: A Space Odyssey (1968),Adventure|Drama|Sci-Fi
926,All About Eve (1950),Drama
927,"Women, The (1939)",Comedy
928,Rebecca (1940),Drama|Mystery|Romance|Thriller
930,Notorious (1946),Film-Noir|Romance|Thriller
932,"Affair to Remember, An (1957)",Drama|Romance
934,Father of the Bride (1950),Comedy
940,"Adventures of Robin Hood, The (1938)",Action|Adventure|Romance
949,East of Eden (1955),Drama
950,"Thin Man, The (1934)",Comedy|Crime
951,His Girl Friday (1940),Comedy|Romance
952,Around the World in 80 Days (1956),Adventure|Comedy
953,It's a Wonderful Life (1946),Drama|Fantasy|Romance
954,Mr. Smith Goes to Washington (1939),Drama
955,Bringing Up Baby (1938),Comedy|Romance
965,"39 Steps, The (1935)",Drama|Mystery|Thriller
968,Night of the Living Dead (1968),Horror|Sci-Fi|Thriller
969,"African Queen, The (1951)",Adventure|Comedy|Romance|War
976,"Farewell to Arms, A (1932)",Romance|War
986,Fly Away Home (1996),Adventure|Children
990,Maximum Risk (1996),Action|Adventure|Thriller
991,Michael Collins (1996),Drama
994,Big Night (1996),Comedy|Drama
999,2 Days in the Valley (1996),Crime|Film-Noir
1003,Extreme Measures (1996),Drama|Thriller
1005,D3: The Mighty Ducks (1996),Children|Comedy
1009,Escape to Witch Mountain (1975),Adventure|Children|Fantasy
1010,"Love Bug, The (1969)",Children|Comedy
1013,"Parent Trap, The (1961)",Children|Comedy|Romance
1015,Homeward Bound: The Incredible Journey (1993),Adventure|Children|Drama
1017,Swiss Family Robinson (1960),Adventure|Children
1019,"20,000 Leagues Under the Sea (1954)",Adventure|Drama|Sci-Fi
1020,Cool Runnings (1993),Comedy
1022,Cinderella (1950),Animation|Children|Fantasy|Musical|Romance
1023,Winnie the Pooh and the Blustery Day (1968),Animation|Children|Musical
1025,"Sword in the Stone, The (1963)",Animation|Children|Fantasy|Musical
1027,Robin Hood: Prince of Thieves (1991),Adventure|Drama
1028,Mary Poppins (1964),Children|Comedy|Fantasy|Musical
1029,Dumbo (1941),Animation|Children|Drama|Musical
1032,Alice in Wonderland (1951),Adventure|Animation|Children|Fantasy|Musical
1035,"Sound of Music, The (1965)",Musical|Romance
1036,Die Hard (1988),Action|Crime|Thriller
1037,"Lawnmower Man, The (1992)",Action|Horror|Sci-Fi|Thriller
1041,Secrets & Lies (1996),Drama
1042,That Thing You Do! (1996),Comedy|Drama
1043,To Gillian on Her 37th Birthday (1996),Drama|Romance
1046,Beautiful Thing (1996),Drama|Romance
1047,"Long Kiss Goodnight, The (1996)",Action|Drama|Thriller
1049,"Ghost and the Darkness, The (1996)",Action|Adventure
1050,Looking for Richard (1996),Documentary|Drama
1054,Get on the Bus (1996),Drama
1057,Everyone Says I Love You (1996),Comedy|Musical|Romance
1058,Bitter Sugar (Azúcar amarga) (1996),Drama
1059,William Shakespeare's Romeo + Juliet (1996),Drama|Romance
1060,Swingers (1996),Comedy|Drama
1061,Sleepers (1996),Thriller
1064,Aladdin and the King of Thieves (1996),Animation|Children|Comedy|Fantasy|Musical|Romance
1073,Willy Wonka & the Chocolate Factory (1971),Children|Comedy|Fantasy|Musical
1077,Sleeper (1973),Comedy|Sci-Fi
1078,Bananas (1971),Comedy|War
1079,"Fish Called Wanda, A (1988)",Comedy|Crime
1080,Monty Python's Life of Brian (1979),Comedy
1081,Victor/Victoria (1982),Comedy|Musical|Romance
1082,"Candidate, The (1972)",Drama
1084,Bonnie and Clyde (1967),Crime|Drama
1086,Dial M for Murder (1954),Crime|Mystery|Thriller
1088,Dirty Dancing (1987),Drama|Musical|Romance
1089,Reservoir Dogs (1992),Crime|Mystery|Thriller
1090,Platoon (1986),Drama|War
1091,Weekend at Bernie's (1989),Comedy
1092,Basic Instinct (1992),Crime|Mystery|Thriller
1093,"Doors, The (1991)",Drama
1094,"Crying Game, The (1992)",Drama|Romance|Thriller
1095,Glengarry Glen Ross (1992),Drama
1096,Sophie's Choice (1982),Drama
1097,E.T. the Extra-Terrestrial (1982),Children|Drama|Sci-Fi
1100,Days of Thunder (1990),Action|Drama|Romance
1101,Top Gun (1986),Action|Romance
1103,Rebel Without a Cause (1955),Drama
1104,"Streetcar Named Desire, A (1951)",Drama
1111,Microcosmos (Microcosmos: Le peuple de l'herbe) (1996),Documentary
1113,"Associate, The (1996)",Comedy
1114,"Funeral, The (1996)",Crime|Drama
1120,"People vs. Larry Flynt, The (1996)",Comedy|Drama
1121,Glory Daze (1995),Drama
1124,On Golden Pond (1981),Drama
1125,"Return of the Pink Panther, The (1975)",Comedy|Crime
1126,Drop Dead Fred (1991),Comedy|Fantasy
1127,"Abyss, The (1989)",Action|Adventure|Sci-Fi|Thriller
1128,"Fog, The (1980)",Horror
1129,Escape from New York (1981),Action|Adventure|Sci-Fi|Thriller
1130,"Howling, The (1980)",Horror|Mystery
1131,Jean de Florette (1986),Drama|Mystery
1132,Manon of the Spring (Manon des sources) (1986),Drama
1135,Private Benjamin (1980),Comedy
1136,Monty Python and the Holy Grail (1975),Adventure|Comedy|Fantasy
1147,When We Were Kings (1996),Documentary
1148,Wallace & Gromit: The Wrong Trousers (1993),Animation|Children|Comedy|Crime
1150,"Return of Martin Guerre, The (Retour de Martin Guerre, Le) (1982)",Drama
1161,"Tin Drum, The (Blechtrommel, Die) (1979)",Drama|War
1168,Bad Moon (1996),Action|Adventure|Horror
1169,American Dream (1990),Documentary
1172,Cinema Paradiso (Nuovo cinema Paradiso) (1989),Drama
1173,"Cook the Thief His Wife & Her Lover, The (1989)",Comedy|Drama
1175,Delicatessen (1991),Comedy|Drama|Romance
1177,Enchanted April (1992),Drama|Romance
1179,"Grifters, The (1990)",Crime|Drama|Film-Noir
1183,"English Patient, The (1996)",Drama|Romance|War
1185,My Left Foot (1989),Drama
1186,"Sex, Lies, and Videotape (1989)",Drama
1187,Passion Fish (1992),Drama
1188,Strictly Ballroom (1992),Comedy|Romance
1189,"Thin Blue Line, The (1988)",Documentary
1192,Paris Is Burning (1990),Documentary
1193,One Flew Over the Cuckoo's Nest (1975),Drama
1194,Cheech and Chong's Up in Smoke (1978),Comedy
1196,Star Wars: Episode V - The Empire Strikes Back (1980),Action|Adventure|Sci-Fi
1197,"Princess Bride, The (1987)",Action|Adventure|Comedy|Fantasy|Romance
1198,Raiders of the Lost Ark (Indiana Jones and the Raiders of the Lost Ark) (1981),Action|Adventure
1199,Brazil (1985),Fantasy|Sci-Fi
1200,Aliens (1986),Action|Adventure|Horror|Sci-Fi
1201,"Good, the Bad and the Ugly, The (Buono, il brutto, il cattivo, Il) (1966)",Action|Adventure|Western
1203,12 Angry Men (1957),Drama
1204,Lawrence of Arabia (1962),Adventure|Drama|War
1206,"Clockwork Orange, A (1971)",Crime|Drama|Sci-Fi|Thriller
1207,To Kill a Mockingbird (1962),Drama
1208,Apocalypse Now (1979),Action|Drama|War
1209,Once Upon a Time in the West (C'era una volta il West) (1968),Action|Drama|Western
1210,Star Wars: Episode VI - Return of the Jedi (1983),Action|Adventure|Sci-Fi
1211,"Wings of Desire (Himmel über Berlin, Der) (1987)",Drama|Fantasy|Romance
1212,"Third Man, The (1949)",Film-Noir|Mystery|Thriller
1213,Goodfellas (1990),Crime|Drama
1214,Alien (1979),Horror|Sci-Fi
1215,Army of Darkness (1993),Action|Adventure|Comedy|Fantasy|Horror
1217,Ran (1985),Drama|War
1218,"Killer, The (Die xue shuang xiong) (1989)",Action|Crime|Drama|Thriller
1219,Psycho (1960),Crime|Horror
1220,"Blues Brothers, The (1980)",Action|Comedy|Musical
1221,"Godfather: Part II, The (1974)",Crime|Drama
1222,Full Metal Jacket (1987),Drama|War
1223,"Grand Day Out with Wallace and Gromit, A (1989)",Adventure|Animation|Children|Comedy|Sci-Fi
1224,Henry V (1989),Action|Drama|Romance|War
1225,Amadeus (1984),Drama
1227,Once Upon a Time in America (1984),Crime|Drama
1228,Raging Bull (1980),Drama
1230,Annie Hall (1977),Comedy|Romance
1231,"Right Stuff, The (1983)",Drama
1233,"Boot, Das (Boat, The) (1981)",Action|Drama|War
1234,"Sting, The (1973)",Comedy|Crime
1235,Harold and Maude (1971),Comedy|Drama|Romance
1236,Trust (1990),Comedy|Drama|Romance
1237,"Seventh Seal, The (Sjunde inseglet, Det) (1957)",Drama
1238,Local Hero (1983),Comedy
1240,"Terminator, The (1984)",Action|Sci-Fi|Thriller
1242,Glory (1989),Drama|War
1243,Rosencrantz and Guildenstern Are Dead (1990),Comedy|Drama
1244,Manhattan (1979),Comedy|Drama|Romance
1245,Miller's Crossing (1990),Crime|Drama|Film-Noir|Thriller
1246,Dead Poets Society (1989),Drama
1247,"Graduate, The (1967)",Comedy|Drama|Romance
1248,Touch of Evil (1958),Crime|Film-Noir|Thriller
1249,"Femme Nikita, La (Nikita) (1990)",Action|Crime|Romance|Thriller
1250,"Bridge on the River Kwai, The (1957)",Adventure|Drama|War
1251,8 1/2 (8½) (1963),Drama|Fantasy
1252,Chinatown (1974),Crime|Film-Noir|Mystery|Thriller
1253,"Day the Earth Stood Still, The (1951)",Drama|Sci-Fi|Thriller
1255,Bad Taste (1987),Comedy|Horror|Sci-Fi
1256,Duck Soup (1933),Comedy|Musical|War
1257,Better Off Dead... (1985),Comedy|Romance
1258,"Shining, The (1980)",Horror
1259,Stand by Me (1986),Adventure|Drama
1260,M (1931),Crime|Film-Noir|Thriller
1261,Evil Dead II (Dead by Dawn) (1987),Action|Comedy|Fantasy|Horror
1262,"Great Escape, The (1963)",Action|Adventure|Drama|War
1263,"Deer Hunter, The (1978)",Drama|War
1264,Diva (1981),Action|Drama|Mystery|Romance|Thriller
1265,Groundhog Day (1993),Comedy|Fantasy|Romance
1266,Unforgiven (1992),Drama|Western
1267,"Manchurian Candidate, The (1962)",Crime|Thriller|War
1268,Pump Up the Volume (1990),Comedy|Drama
1269,Arsenic and Old Lace (1944),Comedy|Mystery|Thriller
1270,Back to the Future (1985),Adventure|Comedy|Sci-Fi
1271,Fried Green Tomatoes (1991),Comedy|Crime|Drama
1272,Patton (1970),Drama|War
1273,Down by Law (1986),Comedy|Drama|Film-Noir
1274,Akira (1988),Action|Adventure|Animation|Sci-Fi
1275,Highlander (1986),Action|Adventure|Fantasy
1276,Cool Hand Luke (1967),Drama
1277,Cyrano de Bergerac (1990),Comedy|Drama|Romance
1278,Young Frankenstein (1974),Comedy|Fantasy
1279,Night on Earth (1991),Comedy|Drama
1280,Raise the Red Lantern (Da hong deng long gao gao gua) (1991),Drama
1282,Fantasia (1940),Animation|Children|Fantasy|Musical
1283,High Noon (1952),Drama|Western
1285,Heathers (1989),Comedy
1286,Somewhere in Time (1980),Drama|Romance
1287,Ben-Hur (1959),Action|Adventure|Drama
1288,This Is Spinal Tap (1984),Comedy
1291,Indiana Jones and the Last Crusade (1989),Action|Adventure
1292,Being There (1979),Comedy|Drama
1293,Gandhi (1982),Drama
1296,"Room with a View, A (1986)",Drama|Romance
1297,Real Genius (1985),Comedy
1298,Pink Floyd: The Wall (1982),Drama|Musical
1299,"Killing Fields, The (1984)",Drama|War
1300,My Life as a Dog (Mitt liv som hund) (1985),Comedy|Drama
1301,Forbidden Planet (1956),Drama|Sci-Fi
1302,Field of Dreams (1989),Children|Drama|Fantasy
1303,"Man Who Would Be King, The (1975)",Adventure|Drama
1304,Butch Cassidy and the Sundance Kid (1969),Action|Western
1305,"Paris, Texas (1984)",Drama|Romance
1307,When Harry Met Sally... (1989),Comedy|Romance
1320,Alien³ (a.k.a. Alien 3) (1992),Action|Horror|Sci-Fi|Thriller
1321,"American Werewolf in London, An (1981)",Comedy|Horror|Thriller
1327,"Amityville Horror, The (1979)",Drama|Horror|Mystery|Thriller
1329,Blood for Dracula (Andy Warhol's Dracula) (1974),Horror
1330,April Fool's Day (1986),Horror
1331,Audrey Rose (1977),Horror
1333,"Birds, The (1963)",Horror|Thriller
1336,Body Parts (1991),Horror|Thriller
1339,Dracula (Bram Stoker's Dracula) (1992),Fantasy|Horror|Romance|Thriller
1342,Candyman (1992),Horror|Thriller
1343,Cape Fear (1991),Thriller
1344,Cape Fear (1962),Crime|Drama|Thriller
1345,Carrie (1976),Drama|Fantasy|Horror|Thriller
1347,"Nightmare on Elm Street, A (1984)",Horror|Thriller
1348,"Nosferatu (Nosferatu, eine Symphonie des Grauens) (1922)",Horror
1350,"Omen, The (1976)",Horror|Mystery|Thriller
1353,"Mirror Has Two Faces, The (1996)",Comedy|Drama|Romance
1354,Breaking the Waves (1996),Drama|Mystery
1356,Star Trek: First Contact (1996),Action|Adventure|Sci-Fi|Thriller
1357,Shine (1996),Drama|Romance
1358,Sling Blade (1996),Drama
1361,Paradise Lost: The Child Murders at Robin Hood Hills (1996),Documentary
1366,"Crucible, The (1996)",Drama
1367,101 Dalmatians (1996),Adventure|Children|Comedy
1370,Die Hard 2 (1990),Action|Adventure|Thriller
1371,Star Trek: The Motion Picture (1979),Adventure|Sci-Fi
1372,Star Trek VI: The Undiscovered Country (1991),Action|Mystery|Sci-Fi
1373,Star Trek V: The Final Frontier (1989),Action|Sci-Fi
1374,Star Trek II: The Wrath of Khan (1982),Action|Adventure|Sci-Fi|Thriller
1375,Star Trek III: The Search for Spock (1984),Action|Adventure|Sci-Fi
1376,Star Trek IV: The Voyage Home (1986),Adventure|Comedy|Sci-Fi
1377,Batman Returns (1992),Action|Crime
1378,Young Guns (1988),Action|Comedy|Western
1379,Young Guns II (1990),Action|Western
1380,Grease (1978),Comedy|Musical|Romance
1382,Marked for Death (1990),Action|Drama
1385,Under Siege (1992),Action|Drama|Thriller
1387,Jaws (1975),Action|Horror
1388,Jaws 2 (1978),Horror|Thriller
1391,Mars Attacks! (1996),Action|Comedy|Sci-Fi
1393,Jerry Maguire (1996),Drama|Romance
1394,Raising Arizona (1987),Comedy
1395,Tin Men (1987),Comedy|Drama
1396,Sneakers (1992),Action|Comedy|Crime|Drama|Sci-Fi
1401,Ghosts of Mississippi (1996),Drama
1405,Beavis and Butt-Head Do America (1996),Adventure|Animation|Comedy|Crime
1406,"Judgement in Stone, A (Cérémonie, La) (1995)",Drama
1407,Scream (1996),Comedy|Horror|Mystery|Thriller
1408,"Last of the Mohicans, The (1992)",Action|Romance|War|Western
1409,Michael (1996),Comedy|Drama|Fantasy|Romance
1411,Hamlet (1996),Crime|Drama|Romance
1414,Mother (1996),Comedy
1415,"Thieves (Voleurs, Les) (1996)",Crime|Drama|Romance
1416,Evita (1996),Drama|Musical
1417,"Portrait of a Lady, The (1996)",Drama
1422,Murder at 1600 (1997),Crime|Drama|Mystery|Thriller
1425,Fierce Creatures (1997),Comedy
1427,Turbulence (1997),Action|Thriller
1429,First Strike (Police Story 4: First Strike) (Ging chaat goo si 4: Ji gaan daan yam mo) (1996),Action|Adventure|Comedy|Thriller
1432,Metro (1997),Action|Comedy|Crime|Drama|Thriller
1438,Dante's Peak (1997),Action|Thriller
1441,Benny & Joon (1993),Comedy|Romance
1446,Kolya (Kolja) (1996),Comedy|Drama
1449,Waiting for Guffman (1996),Comedy
1457,Fools Rush In (1997),Comedy|Drama|Romance
1458,Touch (1997),Drama|Fantasy|Romance
1459,Absolute Power (1997),Mystery|Thriller
1461,Vegas Vacation (National Lampoon's Las Vegas Vacation) (1997),Comedy
1466,Donnie Brasco (1997),Crime|Drama
1476,Private Parts (1997),Comedy|Drama
1479,"Saint, The (1997)",Action|Romance|Sci-Fi|Thriller
1480,Smilla's Sense of Snow (1997),Drama|Thriller
1483,Crash (1996),Drama|Thriller
1485,Liar Liar (1997),Comedy
1486,"Quiet Room, The (1996)",Drama
1487,Selena (1997),Drama|Musical
1488,"Devil's Own, The (1997)",Action|Drama|Thriller
1499,Anaconda (1997),Action|Adventure|Thriller
1500,Grosse Pointe Blank (1997),Comedy|Crime|Romance
1511,"Chef in Love, A (Shekvarebuli kulinaris ataserti retsepti) (1997)",Comedy|Romance
1513,Romy and Michele's High School Reunion (1997),Comedy
1515,Volcano (1997),Action|Drama|Thriller
1517,Austin Powers: International Man of Mystery (1997),Action|Adventure|Comedy
1518,Breakdown (1997),Action|Thriller
1519,Broken English (1996),Drama
1525,Warriors of Virtue (1997),Action|Adventure|Children|Fantasy
1527,"Fifth Element, The (1997)",Action|Adventure|Comedy|Sci-Fi
1533,"Promise, The (La promesse) (1996)",Drama
1537,Shall We Dance? (Shall We Dansu?) (1996),Comedy|Drama|Romance
1539,Twin Town (1997),Comedy|Crime
1541,Addicted to Love (1997),Comedy|Romance
1542,Brassed Off (1996),Comedy|Drama|Romance
1544,"Lost World: Jurassic Park, The (1997)",Action|Adventure|Sci-Fi|Thriller
1545,Ponette (1996),Drama
1549,Rough Magic (1995),Drama|Romance
1552,Con Air (1997),Action|Adventure|Thriller
1556,Speed 2: Cruise Control (1997),Action|Romance|Thriller
1562,Batman & Robin (1997),Action|Adventure|Fantasy|Thriller
1566,Hercules (1997),Adventure|Animation|Children|Comedy|Musical
1569,My Best Friend's Wedding (1997),Comedy|Romance
1573,Face/Off (1997),Action|Crime|Drama|Thriller
1580,Men in Black (a.k.a. MIB) (1997),Action|Comedy|Sci-Fi
1584,Contact (1997),Drama|Sci-Fi
1586,G.I. Jane (1997),Action|Drama
1587,Conan the Barbarian (1982),Action|Adventure|Fantasy
1589,Cop Land (1997),Action|Crime|Drama|Thriller
1590,Event Horizon (1997),Horror|Sci-Fi|Thriller
1591,Spawn (1997),Action|Adventure|Sci-Fi|Thriller
1593,Picture Perfect (1997),Comedy|Romance
1594,In the Company of Men (1997),Comedy|Drama
1597,Conspiracy Theory (1997),Drama|Mystery|Romance|Thriller
1598,Desperate Measures (1998),Crime|Drama|Thriller
1603,Mimic (1997),Horror|Sci-Fi|Thriller
1605,Excess Baggage (1997),Adventure|Romance
1608,Air Force One (1997),Action|Thriller
1610,"Hunt for Red October, The (1990)",Action|Adventure|Thriller
1611,My Own Private Idaho (1991),Drama|Romance
1614,In & Out (1997),Comedy
1615,"Edge, The (1997)",Adventure|Drama
1616,"Peacemaker, The (1997)",Action|Thriller|War
1617,L.A. Confidential (1997),Crime|Film-Noir|Mystery|Thriller
1619,Seven Years in Tibet (1997),Adventure|Drama|War
1620,Kiss the Girls (1997),Crime|Drama|Mystery|Thriller
1625,"Game, The (1997)",Drama|Mystery|Thriller
1626,Fire Down Below (1997),Action|Drama|Thriller
1627,U Turn (1997),Crime|Drama|Mystery
1632,"Smile Like Yours, A (1997)",Comedy|Romance
1633,Ulee's Gold (1997),Drama
1635,"Ice Storm, The (1997)",Drama
1636,Stag (1997),Action|Thriller
1639,Chasing Amy (1997),Comedy|Drama|Romance
1641,"Full Monty, The (1997)",Comedy|Drama
1643,"Mrs. Brown (a.k.a. Her Majesty, Mrs. Brown) (1997)",Drama|Romance
1644,I Know What You Did Last Summer (1997),Horror|Mystery|Thriller
1645,"Devil's Advocate, The (1997)",Drama|Mystery|Thriller
1647,Playing God (1997),Crime|Drama|Thriller
1649,"Fast, Cheap & Out of Control (1997)",Documentary
1650,Washington Square (1997),Drama
1653,Gattaca (1997),Drama|Sci-Fi|Thriller
1660,Eve's Bayou (1997),Drama
1661,Switchback (1997),Crime|Mystery|Thriller
1663,Stripes (1981),Comedy|War
1672,"Rainmaker, The (1997)",Drama
1673,Boogie Nights (1997),Drama
1674,Witness (1985),Drama|Romance|Thriller
1676,Starship Troopers (1997),Action|Sci-Fi
1678,"Joy Luck Club, The (1993)",Drama|Romance
1680,Sliding Doors (1998),Drama|Romance
1682,"Truman Show, The (1998)",Comedy|Drama|Sci-Fi
1683,"Wings of the Dove, The (1997)",Drama|Romance
1687,"Jackal, The (1997)",Action|Thriller
1688,Anastasia (1997),Adventure|Animation|Children|Drama|Musical
1689,"Man Who Knew Too Little, The (1997)",Comedy|Crime|Thriller
1690,Alien: Resurrection (1997),Action|Horror|Sci-Fi
1693,Amistad (1997),Drama|Mystery
1694,"Apostle, The (1997)",Drama
1695,Artemisia (1997),Drama
1701,Deconstructing Harry (1997),Comedy|Drama
1702,Flubber (1997),Children|Comedy|Fantasy
1704,Good Will Hunting (1997),Drama|Romance
1711,Midnight in the Garden of Good and Evil (1997),Crime|Drama|Mystery
1717,Scream 2 (1997),Comedy|Horror|Mystery|Thriller
1719,"Sweet Hereafter, The (1997)",Drama
1721,Titanic (1997),Drama|Romance
1722,Tomorrow Never Dies (1997),Action|Adventure|Thriller
1727,"Horse Whisperer, The (1998)",Drama|Romance
1729,Jackie Brown (1997),Crime|Drama|Thriller
1732,"Big Lebowski, The (1998)",Comedy|Crime
1734,My Life in Pink (Ma vie en rose) (1997),Comedy|Drama
1735,Great Expectations (1998),Drama|Romance
1747,Wag the Dog (1997),Comedy
1748,Dark City (1998),Adventure|Film-Noir|Sci-Fi|Thriller
1750,Star Kid (1997),Adventure|Children|Fantasy|Sci-Fi
1752,Hard Rain (1998),Action|Crime|Thriller
1753,Half Baked (1998),Comedy
1754,Fallen (1998),Crime|Drama|Fantasy|Thriller
1762,Deep Rising (1998),Action|Horror|Sci-Fi
1777,"Wedding Singer, The (1998)",Comedy|Romance
1779,Sphere (1998),Sci-Fi|Thriller
1783,Palmetto (1998),Crime|Drama|Mystery|Romance|Thriller
1784,As Good as It Gets (1997),Comedy|Drama|Romance
1788,Men with Guns (1997),Action|Drama
1794,Love and Death on Long Island (1997),Comedy|Drama
1801,"Man in the Iron Mask, The (1998)",Action|Adventure|Drama
1804,"Newton Boys, The (1998)",Crime|Drama
1805,Wild Things (1998),Crime|Drama|Mystery|Thriller
1810,Primary Colors (1998),Comedy|Drama
1825,"Player's Club, The (1998)",Comedy|Drama
1831,Lost in Space (1998),Action|Adventure|Sci-Fi
1833,Mercury Rising (1998),Action|Drama|Thriller
1834,"Spanish Prisoner, The (1997)",Crime|Drama|Mystery|Thriller
1835,City of Angels (1998),Drama|Fantasy|Romance
1840,He Got Game (1998),Drama
1841,"Gingerbread Man, The (1998)",Drama|Thriller
1845,Zero Effect (1998),Comedy|Mystery|Thriller
1846,Nil By Mouth (1997),Drama
1848,"Borrowers, The (1997)",Adventure|Children|Comedy|Fantasy
1856,Kurt & Courtney (1998),Documentary
1860,Character (Karakter) (1997),Drama
1862,Species II (1998),Horror|Sci-Fi
1871,"Friend of the Deceased, A (Priyatel pokonika) (1997)",Comedy|Drama
1873,"Misérables, Les (1998)",Crime|Drama|Romance|War
1876,Deep Impact (1998),Drama|Sci-Fi|Thriller
1881,Quest for Camelot (1998),Adventure|Animation|Children|Fantasy|Musical
1882,Godzilla (1998),Action|Sci-Fi|Thriller
1883,Bulworth (1998),Comedy|Drama|Romance
1884,Fear and Loathing in Las Vegas (1998),Adventure|Comedy|Drama
1888,Hope Floats (1998),Comedy|Drama|Romance
1892,"Perfect Murder, A (1998)",Thriller
1894,Six Days Seven Nights (1998),Adventure|Comedy|Romance
1895,Can't Hardly Wait (1998),Comedy|Drama|Romance
1904,Henry Fool (1997),Comedy|Drama
1909,"X-Files: Fight the Future, The (1998)",Action|Crime|Mystery|Sci-Fi|Thriller
1911,Dr. Dolittle (1998),Comedy
1912,Out of Sight (1998),Comedy|Crime|Drama|Romance|Thriller
1913,Picnic at Hanging Rock (1975),Drama|Mystery
1914,Smoke Signals (1998),Comedy|Drama
1916,Buffalo '66 (a.k.a. Buffalo 66) (1998),Drama|Romance
1917,Armageddon (1998),Action|Romance|Sci-Fi|Thriller
1918,Lethal Weapon 4 (1998),Action|Comedy|Crime|Thriller
1920,Small Soldiers (1998),Animation|Children|Fantasy|War
1921,Pi (1998),Drama|Sci-Fi|Thriller
1923,There's Something About Mary (1998),Comedy|Romance
1931,Mutiny on the Bounty (1935),Adventure|Drama
1932,"Great Ziegfeld, The (1936)",Drama|Musical
1939,"Best Years of Our Lives, The (1946)",Drama|War
1944,From Here to Eternity (1953),Drama|Romance|War
1945,On the Waterfront (1954),Crime|Drama
1947,West Side Story (1961),Drama|Musical|Romance
1948,Tom Jones (1963),Adventure|Comedy|Romance
1949,"Man for All Seasons, A (1966)",Drama
1950,In the Heat of the Night (1967),Drama|Mystery
1952,Midnight Cowboy (1969),Drama
1953,"French Connection, The (1971)",Action|Crime|Thriller
1954,Rocky (1976),Drama
1955,Kramer vs. Kramer (1979),Drama
1956,Ordinary People (1980),Drama
1957,Chariots of Fire (1981),Drama
1958,Terms of Endearment (1983),Comedy|Drama
1959,Out of Africa (1985),Drama|Romance
1960,"Last Emperor, The (1987)",Drama
1961,Rain Man (1988),Drama
1962,Driving Miss Daisy (1989),Drama
1963,Take the Money and Run (1969),Comedy|Crime
1964,Klute (1971),Drama|Mystery
1965,Repo Man (1984),Comedy|Sci-Fi
1967,Labyrinth (1986),Adventure|Fantasy|Musical
1968,"Breakfast Club, The (1985)",Comedy|Drama
1969,"Nightmare on Elm Street 2: Freddy's Revenge, A (1985)",Horror
1970,"Nightmare on Elm Street 3: Dream Warriors, A (1987)",Horror|Thriller
1971,"Nightmare on Elm Street 4: The Dream Master, A (1988)",Horror|Thriller
1972,"Nightmare on Elm Street 5: The Dream Child, A (1989)",Horror
1973,"Freddy's Dead: The Final Nightmare (Nightmare on Elm Street Part 6: Freddy's Dead, A) (1991)",Horror
1974,Friday the 13th (1980),Horror|Mystery|Thriller
1975,Friday the 13th Part 2 (1981),Horror
1977,Friday the 13th Part IV: The Final Chapter (1984),Horror
1982,Halloween (1978),Horror
1983,Halloween II (1981),Horror
1984,Halloween III: Season of the Witch (1982),Horror
1986,Halloween 5: The Revenge of Michael Myers (1989),Horror
1991,Child's Play (1988),Horror|Thriller
1994,Poltergeist (1982),Horror|Thriller
1995,Poltergeist II: The Other Side (1986),Horror|Thriller
1996,Poltergeist III (1988),Horror|Thriller
1997,"Exorcist, The (1973)",Horror|Mystery
2000,Lethal Weapon (1987),Action|Comedy|Crime|Drama
2001,Lethal Weapon 2 (1989),Action|Comedy|Crime|Drama
2002,Lethal Weapon 3 (1992),Action|Comedy|Crime|Drama
2003,Gremlins (1984),Comedy|Horror
2004,Gremlins 2: The New Batch (1990),Comedy|Horror
2005,"Goonies, The (1985)",Action|Adventure|Children|Comedy|Fantasy
2006,"Mask of Zorro, The (1998)",Action|Comedy|Romance
2009,Soylent Green (1973),Drama|Mystery|Sci-Fi|Thriller
2010,Metropolis (1927),Drama|Sci-Fi
2011,Back to the Future Part II (1989),Adventure|Comedy|Sci-Fi
2012,Back to the Future Part III (1990),Adventure|Comedy|Sci-Fi|Western
2013,"Poseidon Adventure, The (1972)",Action|Adventure|Drama
2015,"Absent-Minded Professor, The (1961)",Children|Comedy|Fantasy
2018,Bambi (1942),Animation|Children|Drama
2019,Seven Samurai (Shichinin no samurai) (1954),Action|Adventure|Drama
2020,Dangerous Liaisons (1988),Drama|Romance
2021,Dune (1984),Adventure|Sci-Fi
2023,"Godfather: Part III, The (1990)",Crime|Drama|Mystery|Thriller
2025,Lolita (1997),Drama|Romance
2026,Disturbing Behavior (1998),Horror|Thriller
2028,Saving Private Ryan (1998),Action|Drama|War
2034,"Black Hole, The (1979)",Children|Sci-Fi
2041,Condorman (1981),Action|Adventure|Children|Comedy
2042,D2: The Mighty Ducks (1994),Children|Comedy
2043,Darby O'Gill and the Little People (1959),Adventure|Children|Fantasy
2046,Flight of the Navigator (1986),Adventure|Children|Sci-Fi
2049,"Happiest Millionaire, The (1967)",Comedy|Musical
2053,"Honey, I Blew Up the Kid (1992)",Children|Comedy|Sci-Fi
2054,"Honey, I Shrunk the Kids (1989)",Adventure|Children|Comedy|Fantasy|Sci-Fi
2056,In Search of the Castaways (1962),Adventure|Children
2057,"Incredible Journey, The (1963)",Adventure|Children
2058,"Negotiator, The (1998)",Action|Crime|Drama|Mystery|Thriller
2059,"Parent Trap, The (1998)",Children|Comedy|Romance
2064,Roger & Me (1989),Documentary
2065,"Purple Rose of Cairo, The (1985)",Comedy|Drama|Fantasy|Romance
2067,Doctor Zhivago (1965),Drama|Romance|War
2069,"Trip to Bountiful, The (1985)",Drama
2071,And the Band Played On (1993),Drama
2072,"'burbs, The (1989)",Comedy
2076,Blue Velvet (1986),Drama|Mystery|Thriller
2078,"Jungle Book, The (1967)",Animation|Children|Comedy|Musical
2080,Lady and the Tramp (1955),Animation|Children|Comedy|Romance
2081,"Little Mermaid, The (1989)",Animation|Children|Comedy|Musical|Romance
2083,"Muppet Christmas Carol, The (1992)",Children|Comedy|Musical
